59, lorem ipsum dolor sit amet consectetur adipiscing elit
68, aenean ex ipsum eleifend eget dapibus id maximus sit amet lacus
68, sed ante eros volutpat vel ante non vehicula lacinia ipsum
53, suspendisse efficitur ultrices nulla non pulvinar
46, integer quis augue id mauris dapibus gravida
33, in hac habitasse platea dictumst
34, ut congue placerat arcu id feugiat
40, maecenas dictum et felis et ultricies
54, proin enim mi faucibus et ante eget cursus faucibus nibh
23, etiam in ultricies nunc
36, duis tempus purus non porta auctor
111, phasellus porttitor augue at iaculis aliquam lectus enim blandit eros ac rutrum metus diam in orci
102, nullam gravida fermentum dolor et porttitorpellentesque ac tellus gravida mi volutpat blandit
20, nunc non eros enim
114, proin suscipit lectus a porttitor mattis lorem eros tincidunt ex volutpat pulvinar ante diam in nisi
115, sed placerat sem quis volutpat vestibulum metus ante vehicula turpis eget vehicula lectus orci id erat
38, in venenatis quis dolor non placerat
27, donec sit amet tempor dui
101, class aptent taciti sociosqu ad litora torquent per conubia nostra per inceptos himenaeos
103, aenean ante augue aliquam vitae mauris non mollis vehicula dolorpraesent vel facilisis nunc
61, donec pulvinar ornare tellus nec hendrerit turpis luctus vel
54, in pulvinar efficitur ex eu aliquet lacus dapibus ac
52, maecenas tincidunt arcu vel ullamcorper tincidunt
61, donec magna purus dictum id rutrum id elementum nec quam
67, in nulla elit feugiat ut vulputate vitae placerat sit amet ex
47, nunc ultricies arcu at mi aliquam consequat
41, sed feugiat eu diam vestibulum rutrum
122, vestibulum a turpis vitae augue mattis tincidunt at a risusnullam sit amet venenatis augue quis iaculis nibh
129, etiam pretium dolor mi et euismod neque blandit a donec magna lorem imperdiet non tellus nec eleifend aliquam sapien
48, maecenas convallis nunc id sem aliquet tempor
111, nullam bibendum nulla eu lacinia hendrerit metus libero fermentum mi a congue dui mi sit amet enim
35, nullam vehicula suscipit suscipit
75, vivamus dui enim elementum et est quis malesuada lobortis libero
19, aenean eu nibh diam
63, nulla eros arcu sagittis ac porta ut sagittis eget ligula
34, mauris commodo tincidunt pretium
56, in ac sapien vel nulla rhoncus faucibus a sed odio
72, proin lacus felis mattis consectetur elit a congue fermentum elit
60, sed eleifend lobortis lorem non dignissim quam aliquet at
107, proin vulputate mi at porta fringilla quam sem varius enim et commodo felis quam ut nisinulla facilisi
59, integer laoreet orci sed turpis consectetur pharetra
63, aenean rhoncus accumsan nunc non ultricies velit suscipit eget
50, ut vulputate euismod ipsum quis pellentesque
41, nullam condimentum aliquet porttitor
41, vivamus gravida magna at iaculis interdum
72, phasellus magna nulla luctus sit amet neque et blandit tempus erat
125, mauris congue ex eu turpis vulputate at sodales massa aliquetlorem ipsum dolor sit amet consectetur adipiscing elit
51, donec cursus lectus eu velit ornare elementum
69, nam lorem ipsum mattis eu leo in ultricies interdum quam
46, vivamus euismod facilisis ipsum vitae venenatis
97, class aptent taciti sociosqu ad litora torquent per conubia nostra per inceptos himenaeos
24, nulla vitae eros tortor
37, aliquam aliquam ultrices sagittis
56, phasellus condimentum feugiat eros quis venenatis
20, nulla at arcu felis
110, ut vitae tortor viverra luctus est fermentum laoreet magnacras at turpis nec magna viverra ullamcorper
21, mauris quis congue mi
28, in vel condimentum lectus
100, class aptent taciti sociosqu ad litora torquent per conubia nostra per inceptos himenaeos
15, nulla facilisi
63, aenean accumsan efficitur diam in ultrices nibh vehicula id
29, sed sollicitudin metus orci
20, etiam at felis odio
100, aenean semper lectus sed tempor euismod diam mauris aliquam mi eu consequat ipsum orci at leo
60, nulla sit amet erat volutpat auctor augue ac auctor augue
62, nullam ac nulla commodo consectetur mi ac condimentum nisi
66, maecenas euismod sagittis ipsum non viverra dolor maximus et
60, integer eget massa sit amet justo eleifend porttitor
62, maecenas et magna ultrices mollis odio vel accumsan arcu
95, phasellus eget rhoncus tellus eget sollicitudin elitsed posuere arcu a iaculis vehicula
165, vestibulum ante ipsum primis in faucibus orci luctus et ultrices posuere cubilia curae quisque eget quam suscipit enim faucibus tincidunt non eu lectus
112, mauris malesuada purus quis interdum ullamcorper dui dolor posuere magna eget euismod erat dui non libero
30, vivamus interdum egestas auctor
32, vivamus quis ullamcorper tortor
80, phasellus libero nibh pellentesque eget neque eget vestibulum feugiat sapien
51, vivamus imperdiet neque id consequat volutpat
65, integer nulla neque auctor eu turpis eget egestas cursus ligula
74, integer sed purus sit amet lacus commodo placerat ac viverra metus
63, sed sit amet tortor et magna pretium vestibulum a vel eros
38, nunc commodo non nibh eget bibendum
103, morbi et felis in justo elementum posuerevivamus tristique ullamcorper nisl eget convallis
101, pellentesque habitant morbi tristique senectus et netus et malesuada fames ac turpis egestas
70, donec est nunc venenatis vel justo eget iaculis commodo lectus
37, sed posuere interdum mi nec mattis
65, phasellus vel leo iaculis sodales metus vel pulvinar dui
33, ut convallis pellentesque nisl
77, vestibulum faucibus quam eu sapien rutrum id interdum nulla ornare
62, curabitur ac massa ut risus condimentum dignissim ut nec elit
38, donec ornare velit ac sagittis tempus
59, aliquam pharetra odio nec arcu molestie imperdiet
69, etiam neque ante sollicitudin in nunc eget vulputate mollis ex
18, donec ac est ipsum
50, nam erat leo egestas ut tristique et tempor vel ex
98, nam egestas sapien id lorem rhoncus mollismaecenas vitae eleifend nisi non condimentum nisi
48, aliquam lacinia elementum tellus eget aliquet
27, vivamus et efficitur tellus
35, mauris gravida non lacus at porta
58, aliquam ultricies ex vehicula nunc elementum efficitur
63, fusce auctor sem sed tortor pellentesque auctor vel non orci
28, praesent in tincidunt turpis
97, class aptent taciti sociosqu ad litora torquent per conubia nostra per inceptos himenaeos
65, aenean dictum pharetra felis ac euismod lacus convallis et
102, vestibulum interdum volutpat odio a laoreet dui varius nonsuspendisse tempor varius vulputate
75, curabitur nisi ipsum convallis eu dui et dignissim lacinia elit
70, quisque libero odio posuere in lacus varius auctor rhoncus sapien
74, curabitur mollis quam quis nisl laoreet vitae consequat tortor dapibus
71, pellentesque convallis tortor ex et commodo dolor vestibulum quis
31, pellentesque vel luctus lorem
21, nulla in turpis nisi
38, cras commodo nunc id tempus viverra
33, pellentesque sed efficitur erat
25, praesent sed faucibus ante
22, aenean at tempor nunc
26, maecenas id viverra nisl
54, curabitur convallis lobortis ante quis gravida velit